district,shelter_count,capacity,high_risk_count,geometry,safe_capacity,capacity_loss_ratio
新生路,1,1024,1,POINT (121.4317 25.043),0.0,100.0
工商路,1,550,1,POINT (121.4393 25.083),0.0,100.0
延平北,1,100,1,POINT (121.491108 25.099607),0.0,100.0
後坑路,1,219,1,POINT (121.3493 25.1284),0.0,100.0
忠八街,1,1193,1,POINT (121.4194 25.1603),0.0,100.0
成功路,1,4950,1,POINT (121.603982 25.082835),0.0,100.0
成都街,1,191,1,POINT (121.4616 25.0048),0.0,100.0
插角2,1,148,1,POINT (121.533012 25.042385),0.0,100.0
新店市,2,685,2,POINT (121.5396 24.9125),0.0,100.0
新海路,1,3276,1,POINT (121.4597 25.0249),0.0,100.0
22號,1,425,1,POINT (121.3393 25.1083),0.0,100.0
新莊路,1,200,1,POINT (121.4565 25.0423),0.0,100.0
昇高里,1,87,1,POINT (121.6287 25.0049),0.0,100.0
暖碇路,1,32,1,POINT (121.7538 25.0958),0.0,100.0
東榮街,1,1013,1,POINT (121.8672 25.0334),0.0,100.0
松江街,1,2895,1,POINT (121.4684 25.0289),0.0,100.0
松江路,1,72,1,POINT (121.5335 25.0644),0.0,100.0
林口區,1,73,1,POINT (121.3847 25.1013),0.0,100.0
柑腳1,1,172,1,POINT (121.8028 25.0157),0.0,100.0
廣和街,1,2135,1,POINT (121.4624 24.9945),0.0,100.0
嶺腳寮,1,47,1,POINT (121.7508 25.0052),0.0,100.0
楓江路,1,201,1,POINT (121.4345 25.062),0.0,100.0
山溪里,1,275,1,POINT (121.55172 25.290889),0.0,100.0
南勢街,1,534,1,POINT (121.3588 25.075),0.0,100.0
南山路,1,25,1,POINT (121.5065 24.9897),0.0,100.0
員林街,1,77,1,POINT (121.442984 24.978282),0.0,100.0
商工路,1,1264,1,POINT (121.454 25.1868),0.0,100.0
啦卡路,1,152,1,POINT (121.553147 24.863755),0.0,100.0
四川路,1,1024,1,POINT (121.4528 24.9917),0.0,100.0
國慶路,1,2826,1,POINT (121.4632 24.9982),0.0,100.0
堵南街,1,40,1,POINT (121.6877 25.0827),0.0,100.0
大埔路,1,625,1,POINT (121.3665 24.9057),0.0,100.0
大德路,1,120,1,POINT (121.6922 25.0832),0.0,100.0
大義路,1,1122,1,POINT (121.376106 24.948608),0.0,100.0
大華一,1,12,1,POINT (121.7166 25.1011),0.0,100.0
大華三,1,73,1,POINT (121.6774 25.1286),0.0,100.0
太白街,1,60,1,POINT (121.7464 25.1477),0.0,100.0
孝二路,1,13,1,POINT (121.7394 25.1289),0.0,100.0
富基里,1,69,1,POINT (121.540628 25.289023),0.0,100.0
小坪頂,1,395,1,POINT (121.4839 25.1583),0.0,100.0
梅竹蹊,1,1376,1,POINT (121.8632 25.0349),0.0,100.0
民安路,1,1184,1,POINT (121.4661 25.0529),0.0,100.0
北寧路,2,1129,2,POINT (121.803422 25.144127),0.0,100.0
英士路,1,1207,1,POINT (121.4585 25.0225),0.0,100.0
華新二,1,35,1,POINT (121.6655 25.1073),0.0,100.0
萬福里,1,916,1,POINT (121.6047 25.0044),0.0,100.0
萬里加,1,1306,1,POINT (121.650866 25.208821),0.0,100.0
萬里區,1,240,1,POINT (121.6364 25.1642),0.0,100.0
萬順里,1,22,1,POINT (121.6041 25.0008),0.0,100.0
虎子山,1,50,1,POINT (121.944391 25.015188),0.0,100.0
裕民街,1,1127,1,POINT (121.4616 25.0659),0.0,100.0
豐年街,1,100,1,POINT (121.4283 25.0258),0.0,100.0
豐稔街,1,22,1,POINT (121.7608 25.1408),0.0,100.0
辛亥路,1,389,1,POINT (121.5388 25.0112),0.0,100.0
過港路,1,60,1,POINT (121.7383 25.1049),0.0,100.0
金華街,1,42,1,POINT (121.7296 25.1096),0.0,100.0
長樂路,1,659,1,POINT (121.4618 25.0903),0.0,100.0
集美街,1,897,1,POINT (121.4915 25.0547),0.0,100.0
集賢路,1,58,1,POINT (121.4837 25.0857),0.0,100.0
頂社路,1,69,1,POINT (121.655728 25.210529),0.0,100.0
龍源里,1,125,1,POINT (121.4511 25.132),0.0,100.0
華新一,1,40,1,POINT (121.6688 25.0921),0.0,100.0
興隆路,1,189,1,POINT (121.5443 24.9962),0.0,100.0
水源街,1,57,1,POINT (121.4432 25.1723),0.0,100.0
篤行路,1,1692,1,POINT (121.4305 24.9897),0.0,100.0
永平街,1,151,1,POINT (121.4592 25.0904),0.0,100.0
永豐街,1,628,1,POINT (121.4741 25.0181),0.0,100.0
汐止區,2,658,2,POINT (121.64793 25.060367),0.0,100.0
汐萬路,1,1307,1,POINT (121.645595 25.089404),0.0,100.0
汕頭3,1,82,1,POINT (121.366375 25.135255),0.0,100.0
海興路,1,73,1,POINT (121.631354 25.2405),0.0,100.0
深澳路,1,113,1,POINT (121.817974 25.129623),0.0,100.0
渡船頭,1,50,1,POINT (121.4344 25.1589),0.0,100.0
溫泉路,1,500,1,POINT (121.649304 25.231103),0.0,100.0
烏來街,1,30,1,POINT (121.548453 24.883684),0.0,100.0
獅頭路,1,475,1,POINT (121.694414 25.177791),0.0,100.0
環河街,1,1067,1,POINT (121.629106 25.058956),0.0,100.0
真理街,2,2044,2,POINT (121.4374 25.174),0.0,100.0
石2,1,10,1,POINT (121.745228 24.904686),0.0,100.0
福一街,1,86,1,POINT (121.6953 25.0834),0.0,100.0
福五街,1,191,1,POINT (121.6987 25.0837),0.0,100.0
福山里,1,305,1,POINT (121.548453 24.883684),0.0,100.0
協和路,1,50,1,POINT (121.7345 25.1573),0.0,100.0
龜吼里,1,269,1,POINT (121.6841 25.1978),0.0,100.0
內湖路,1,245,1,POINT (121.5754 25.0797),0.0,100.0
仁一路,1,54,1,POINT (121.7544 25.1275),0.0,100.0
中正東,2,773,2,POINT (121.4602 25.1475),0.0,100.0
光環路,1,416,1,POINT (121.4828 25.0168),0.0,100.0
仁三路,1,30,1,POINT (121.7445 25.1274),0.0,100.0
健民街,1,50,1,POINT (121.7376 25.1423),0.0,100.0
下罟子,1,100,1,POINT (121.3883 25.1257),0.0,100.0
六股林,1,75,1,POINT (121.602476 25.218034),0.0,100.0
中和里,1,915,1,POINT (121.4847 25.2241),0.0,100.0
信福路,1,30,1,POINT (121.548453 24.883684),0.0,100.0
中港路,1,75,1,POINT (121.455157 25.041825),0.0,100.0
仁安街,1,76,1,POINT (121.747111 25.147188),0.0,100.0
八堵路,1,10,1,POINT (121.7361 25.1106),0.0,100.0
4鄰內,1,62,1,POINT (121.592343 25.254077),0.0,100.0
仁和路,1,125,1,POINT (121.92262 25.051427),0.0,100.0
中正一,1,207,1,POINT (121.3536 24.9572),0.0,100.0
臺北市大安區,4,47576,2,POINT (121.5429 25.0124),110.0,99.76879098705228
民族路,3,1620,2,POINT (121.4769 25.0853),34.0,97.90123456790123
臺北市大同區,4,2358,3,POINT (121.5077 25.0498),50.0,97.87955894826123
延平街,3,565,2,POINT (121.9246 25.0549),12.0,97.87610619469027
實踐路,2,1058,1,POINT (121.4664 25.005),40.0,96.21928166351607
金山區,8,26892,5,POINT (121.6029 25.2189),2114.0,92.13892607466904
民權路,2,905,1,POINT (121.3729 25.0827),86.0,90.49723756906077
雞母嶺,2,409,1,POINT (121.533012 25.042385),40.0,90.2200488997555
長興街,2,896,1,POINT (121.670529 25.079073),89.0,90.06696428571429
復興路,6,1983,3,POINT (121.3693 24.9391),210.0,89.40998487140696
大同街,2,506,1,POINT (121.417421 24.981493),56.0,88.93280632411067
學府路,5,4559,3,POINT (121.45038 24.983308),658.0,85.56701030927834
萬里里,3,1325,2,POINT (121.689132 25.176187),214.0,83.84905660377359
中山一,5,941,1,POINT (121.469 25.0767),157.0,83.31562167906482
新豐街,2,107,1,POINT (121.7852 25.1356),23.0,78.50467289719626
瑞芳區,12,5300,6,POINT (121.8296 25.0889),1251.0,76.39622641509433
興福寮,2,200,1,POINT (121.48835 25.163997),50.0,75.0
北新路,3,2704,1,POINT (121.4476 25.179),699.0,74.14940828402366
柑園街,2,1705,1,POINT (121.384115 24.95474),467.0,72.6099706744868
仁愛路,7,9215,4,POINT (121.354434 24.955861),3286.0,64.3407487791644
石門區,5,2169,3,POINT (121.5923 25.2693),983.0,54.679575841401565
大同路,6,5703,2,POINT (121.3728 24.9266),2644.0,53.63843591092407
暖暖街,2,124,1,POINT (121.7354 25.0971),60.0,51.61290322580645
金城路,3,1174,1,POINT (121.442873 24.972533),577.0,50.851788756388416
源遠路,4,706,3,POINT (121.7495 25.0961),347.0,50.849858356940516
公園路,5,4394,2,POINT (120.913 22.4797),2183.0,50.31861629494766
新北區,5,2351,1,POINT (121.5036 25.2564),1169.0,50.2764780944279
佛祖廟,2,124,1,POINT (121.921149 25.105105),62.0,50.0
信一路,2,142,1,POINT (121.7553 25.1285),71.0,50.0
北投區,17,1523,6,POINT (121.5165 25.1045),813.0,46.61851608667104
大安區,16,2555,7,POINT (121.5388 25.0112),1408.0,44.89236790606654
新北市新店區,31,38369,15,POINT (121.5532 24.9022),21835.0,43.092079543381374
永和區,15,17181,3,POINT (121.5143 24.9957),9869.0,42.55864035853559
十分街,2,302,1,POINT (121.775807 25.04193),175.0,42.05298013245033
光華路,2,67,1,POINT (121.4675 25.0821),40.0,40.298507462686565
中正區,13,1358,4,POINT (121.5265 25.019),811.0,40.27982326951399
中山區,17,2232,6,POINT (121.5417 25.0453),1384.0,37.992831541218635
水源路,2,105,1,POINT (121.4978 25.0231),68.0,35.23809523809524
中正路,16,14295,3,POINT (121.3639 24.9069),9369.0,34.45960125918153
中和區,20,28141,9,POINT (121.506 24.9799),18687.0,33.59511033723038
中山路,14,4839,4,POINT (121.3697 24.9345),3275.0,32.32072742302128
四維路,3,953,1,POINT (121.421825 25.021171),653.0,31.47953830010493
和一路,3,176,1,POINT (121.7643 25.1546),121.0,31.25
大觀路,3,3705,1,POINT (121.4313 24.9984),2569.0,30.6612685560054
靜安路,3,1101,1,POINT (121.688 25.0078),771.0,29.972752043596728
信義區,13,2103,3,POINT (121.5679 25.0286),1475.0,29.862101759391347
東勢街,2,136,1,POINT (121.7481 25.0833),96.0,29.411764705882355
基隆市安樂區,18,2084,7,POINT (121.7232 25.121),1487.0,28.646833013435703
鶯歌區,10,7632,4,POINT (121.3376 24.9409),5476.0,28.249475890985327
三重區,32,25952,9,POINT (121.467 25.0431),18771.0,27.670314426633784
鎮前街,2,293,1,POINT (121.410902 24.981593),215.0,26.621160409556317
內湖區,17,2886,5,POINT (121.5908 25.0609),2122.0,26.47262647262647
萬華區,12,1214,5,POINT (121.5033 25.026),896.0,26.194398682042834
東信路,3,141,1,POINT (121.767 25.127),105.0,25.53191489361702
中華路,5,1994,2,POINT (121.3729 24.9304),1499.0,24.82447342026078
士林區,20,1608,7,POINT (121.5229 25.0799),1242.0,22.761194029850746
祥豐街,3,260,1,POINT (121.7639 25.142),206.0,20.76923076923077
臺北市信義區,7,6771,1,POINT (121.5686 25.026),5425.0,19.878895288731353
長安街,3,678,1,POINT (121.6928 25.0771),555.0,18.141592920353983
中山二,3,290,1,POINT (121.7407 25.1371),240.0,17.24137931034483
文山區,25,2602,6,POINT (121.5836 24.9764),2158.0,17.06379707916987
成泰路,4,3846,2,POINT (121.4349 25.0758),3218.0,16.328653146125845
淡海路,2,946,1,POINT (121.4243 25.1816),798.0,15.644820295983086
明德路,4,1222,2,POINT (121.464447 24.98031),1051.0,13.993453355155482
臺北市中山區,3,2782,2,POINT (121.5402 25.0626),2432.0,12.580877066858376
臺北市內湖區,5,477,1,POINT (121.5887 25.0688),417.0,12.578616352201259
瓊泰路,2,1278,1,POINT (121.4467 25.0306),1128.0,11.737089201877934
南榮路,3,224,1,POINT (121.7439 25.1194),199.0,11.160714285714286
茄苳路,3,1428,2,POINT (121.672058 25.069255),1275.0,10.714285714285714
臺北市士林區,8,2139,1,POINT (121.5029 25.0898),1947.0,8.976157082748948
民生路,5,2110,1,POINT (121.4768 25.0137),1922.0,8.909952606635072
臺北市北投區,8,4700,2,POINT (121.5142 25.1149),4319.0,8.106382978723405
大同區,14,1310,2,POINT (121.4993 25.023),1205.0,8.015267175572518
自強路,3,1220,1,POINT (121.4903 25.0626),1176.0,3.606557377049181
南港區,6,998,1,POINT (121.6172 25.0424),968.0,3.006012024048096
永寧路,2,1414,1,POINT (121.42864 24.961098),1384.0,2.1216407355021216
臺北市松山區,7,4576,2,POINT (121.5509 25.0449),4486.0,1.9667832167832169
文化路,7,5111,1,POINT (121.4582 25.0108),5061.0,0.9782821365681862
臺北市南港區,5,8010,1,POINT (121.587751 25.045069),7960.0,0.6242197253433208
臺北市萬華區,4,34275,1,POINT (121.507 25.0221),34225.0,0.14587892049598833
阿柔里,1,57,0,POINT (121.6072 24.9983),57.0,0.0
田心子,1,408,0,POINT (121.501531 25.203711),408.0,0.0
長坑里,1,224,0,POINT (121.3905 25.1257),224.0,0.0
中平街,1,70,0,POINT (121.7225 25.1418),70.0,0.0
中山北,4,1839,0,POINT (121 25),1839.0,0.0
環港街,1,60,0,POINT (121.7926 25.141),60.0,0.0
碇內街,1,85,0,POINT (121.7538 25.0955),85.0,0.0
三多路,1,847,0,POINT (121.414672 25.006414),847.0,0.0
石門街,1,52,0,POINT (121.565885 25.291194),52.0,0.0
白雞路,1,975,0,POINT (121.3755 24.912),975.0,0.0
白雞1,1,339,0,POINT (121.3937 24.9102),339.0,0.0
石牌路,1,384,0,POINT (121.5065 25.1389),384.0,0.0
百一街,1,60,0,POINT (121.7004 25.081),60.0,0.0
長泰路,1,176,0,POINT (121.9075 25.0206),176.0,0.0
雙鳳路,1,300,0,POINT (121.4431 25.0294),300.0,0.0
青雲路,2,60,0,POINT (121.458661 24.973802),60.0,0.0
石碇西,1,109,0,POINT (121.659 24.9903),109.0,0.0
9鄰柑,1,133,0,POINT (121.804558 25.01513),133.0,0.0
9鄰靜,1,49,0,POINT (121.7247 25.0221),49.0,0.0
瑪鋉路,1,125,0,POINT (121.685353 25.177827),125.0,0.0
華梵路,1,100,0,POINT (121.6921 24.98),100.0,0.0
瑞濱路,1,877,0,POINT (121.820317 25.120495),877.0,0.0
溪尾寮,1,100,0,POINT (121.827 24.9727),100.0,0.0
龍門街,1,50,0,POINT (121.9316 25.0273),50.0,0.0
深坑里,4,1072,0,POINT (121.6183 25.0017),1072.0,0.0
深澳坑,2,95,0,POINT (121.7913 25.1236),95.0,0.0
龍米路,2,1590,0,POINT (121.4496 25.1348),1590.0,0.0
2鄰李,1,50,0,POINT (121.548453 24.883684),50.0,0.0
清水路,1,50,0,POINT (121.458501 24.98237),50.0,0.0
龍洞街,1,117,0,POINT (121.9193 25.1123),117.0,0.0
中正北,1,2200,0,POINT (121.489253 25.063033),2200.0,0.0
港東路,1,658,0,POINT (121.689442 25.205606),658.0,0.0
龍安路,2,2300,0,POINT (121.4438 25.0378),2300.0,0.0
溪山里,1,0,0,POINT (121.5773 25.1214),0.0,0.0
玉田路,2,375,0,POINT (121.680262 25.183902),375.0,0.0
溪東路,1,261,0,POINT (121.4057 24.9332),261.0,0.0
黎明路,1,21,0,POINT (121.421 25.0627),21.0,0.0
中正三,1,1513,0,POINT (121.335 24.9393),1513.0,0.0
漢生東,1,2122,0,POINT (121.4709 25.0102),2122.0,0.0
黎專路,1,1081,0,POINT (121.4199 25.0658),1081.0,0.0
麗園一,1,247,0,POINT (121.377252 25.068777),247.0,0.0
獅球路,2,91,0,POINT (121.7367 25.1241),91.0,0.0
香蘭街,1,100,0,POINT (121.9729 25.0177),100.0,0.0
三民路,4,5321,0,POINT (121.419474 24.963872),5321.0,0.0
中平路,2,2317,0,POINT (121.4278 25.0216),2317.0,0.0
金門街,1,1021,0,POINT (121.4309 24.9873),1021.0,0.0
竹崙里,1,113,0,POINT (121.4349 24.9088),113.0,0.0
中山三,1,20,0,POINT (121.7444 25.1427),20.0,0.0
茂林社區,1,110,0,POINT (121.591831 25.27188),110.0,0.0
西定路,3,170,0,POINT (121.7354 25.1317),170.0,0.0
裕生路,1,1168,0,POINT (121.447559 24.985602),1168.0,0.0
臺北市文山區,4,1450,0,POINT (121.5783 24.9849),1450.0,0.0
興仁路,1,450,0,POINT (121.4511 25.2175),450.0,0.0
興城路,1,958,0,POINT (121.441935 24.972383),958.0,0.0
興德路,1,200,0,POINT (121.5571 25.0029),200.0,0.0
淡金路,1,251,0,POINT (121.4564 25.2373),251.0,0.0
中央路,4,1678,0,POINT (121.411937 24.952776),1678.0,0.0
舊莊街,1,92,0,POINT (121.61735 25.040245),92.0,0.0
中央北,1,200,0,POINT (121.4929 25.1381),200.0,0.0
草里里,1,78,0,POINT (121.606719 25.28074),78.0,0.0
西雲路,2,175,0,POINT (121.4461 25.0944),175.0,0.0
荖阡坑,1,2360,0,POINT (121.4013 25.1399),2360.0,0.0
裕民路,1,300,0,POINT (121.4162 25.0212),300.0,0.0
莊敬街,1,970,0,POINT (121.656653 25.061158),970.0,0.0
莊敬路,1,92,0,POINT (121.5016 25.0061),92.0,0.0
莒光路,1,428,0,POINT (121.4736 25.0261),428.0,0.0
行忠路,1,213,0,POINT (121.48 25.2011),213.0,0.0
菁桐街,2,414,0,POINT (121.7262 25.0235),414.0,0.0
下福1,1,735,0,POINT (121.3126 25.1124),735.0,0.0
中和路,2,170,0,POINT (121.7204 25.1462),170.0,0.0
中信街,1,1084,0,POINT (121.4505 25.0358),1084.0,0.0
西寧南,1,226,0,POINT (121.4978 25.0231),226.0,0.0
調和街,1,72,0,POINT (121.7965 25.1391),72.0,0.0
福連街,1,300,0,POINT (121.9888 25.0162),300.0,0.0
老梅里,1,54,0,POINT (121.545195 25.289433),54.0,0.0
福隆里,1,403,0,POINT (121.9457 25.0184),403.0,0.0
金光路,1,41,0,POINT (121.8515 25.107),41.0,0.0
野柳里,1,216,0,POINT (121.6861 25.2029),216.0,0.0
中和街,2,2880,0,POINT (121.389871 24.973944),2880.0,0.0
竹林路,2,1112,0,POINT (121.3958 25.0796),1112.0,0.0
竿蓁林,1,25,0,POINT (121.7508 25.0052),25.0,0.0
重陽路,1,375,0,POINT (121.6092 25.0587),375.0,0.0
粉寮路,1,1243,0,POINT (121.395779 25.07957),1243.0,0.0
糞箕湖,1,100,0,POINT (121.482713 25.171075),100.0,0.0
義一路,1,26,0,POINT (121.7467 25.1347),26.0,0.0
重慶路,1,703,0,POINT (121.4627 25.0033),703.0,0.0
三福街,1,807,0,POINT (121.4059 25.016651),807.0,0.0
三港7,1,63,0,POINT (121.878 25.053),63.0,0.0
通仁街,2,141,0,POINT (121.7341 25.1438),141.0,0.0
育英街,1,304,0,POINT (121.418101 24.99003),304.0,0.0
自來街,1,29,0,POINT (121.739 25.1276),29.0,0.0
辭修路,1,650,0,POINT (121.4285 25.0573),650.0,0.0
自立街,1,285,0,POINT (121.4433 25.0309),285.0,0.0
臺北市,2,150,0,POINT (121.5701 24.9896),150.0,0.0
三爪子,1,162,0,POINT (121.8135 25.1056),162.0,0.0
臺北市中正區,3,7999,0,POINT (121.513 25.0386),7999.0,0.0
三界壇,2,232,0,POINT (121.620711 25.230093),232.0,0.0
劉銘傳,1,26,0,POINT (121.7518 25.1272),26.0,0.0
橫科路,1,74,0,POINT (121.620181 25.05045),74.0,0.0
洲子街,1,219,0,POINT (121.5865 25.0784),219.0,0.0
尖鹿里,1,25,0,POINT (121.566842 25.292022),25.0,0.0
傑魚坑,1,231,0,POINT (121.788 25.1065),231.0,0.0
嵩陽路,1,661,0,POINT (121.9071 25.0164),661.0,0.0
崇法街,1,107,0,POINT (121.7683 25.1345),107.0,0.0
崇智街,1,90,0,POINT (121.7134 25.0995),90.0,0.0
崁腳里,2,281,0,POINT (121.6486 25.1599),281.0,0.0
僑中一,1,1611,0,POINT (121.4485 25.0112),1611.0,0.0
僑信路,1,407,0,POINT (121.49998 24.95362),407.0,0.0
泰林路,2,2671,0,POINT (121.4313 25.0623),2671.0,0.0
光一路,2,137,0,POINT (121.7367 25.1252),137.0,0.0
富國路,1,319,0,POINT (121.4445 25.0538),319.0,0.0
安康路,1,22,0,POINT (121 24),22.0,0.0
安一路,1,50,0,POINT (121.7361 25.1309),50.0,0.0
學苑街,1,633,0,POINT (121.9151 25.022),633.0,0.0
學勤路,1,3155,0,POINT (121.382973 24.94923),3155.0,0.0
工專路,1,1803,0,POINT (121.4206 25.0417),1803.0,0.0
工建路,1,48,0,POINT (121.7015 25.0908),48.0,0.0
平溪街,1,525,0,POINT (121.7376 25.0272),525.0,0.0
廟美街,1,82,0,POINT (121.5011 25.0014),82.0,0.0
信義路,2,300,0,POINT (121.535 25.0137),300.0,0.0
延和路,1,2293,0,POINT (121.464774 24.988807),2293.0,0.0
建中街,1,250,0,POINT (121.4451 25.0369),250.0,0.0
建安路,1,292,0,POINT (121.4471 24.9264),292.0,0.0
弘園街,1,926,0,POINT (121.3672 24.9278),926.0,0.0
御史路,1,182,0,POINT (121.440224 25.090383),182.0,0.0
復旦路,1,90,0,POINT (121.7393 25.1455),90.0,0.0
復興街,1,60,0,POINT (121.7525 25.1254),60.0,0.0
德茂里,1,25,0,POINT (121.519157 25.283263),25.0,0.0
信六路,1,61,0,POINT (121.7477 25.135),61.0,0.0
忠孝東,1,1190,0,POINT (121.661912 25.066456),1190.0,0.0
忠孝街,2,1789,0,POINT (121.42394 24.981755),1789.0,0.0
忠孝路,2,1020,0,POINT (121.3762 25.0686),1020.0,0.0
孝四路,1,36,0,POINT (121.7385 25.1307),36.0,0.0
光明路,1,200,0,POINT (121.7166 25.0983),200.0,0.0
孝一路,2,70,0,POINT (121.7406 25.1287),70.0,0.0
坑內1,1,299,0,POINT (121.637 24.9533),299.0,0.0
凌雲路,1,149,0,POINT (121.43072 25.107778),149.0,0.0
千歲街,1,1151,0,POINT (121.426072 24.997757),1151.0,0.0
南勢二,1,106,0,POINT (121.359019 25.073835),106.0,0.0
公園街,1,106,0,POINT (121.7371 25.0247),106.0,0.0
南新街,1,40,0,POINT (121.7442 25.1233),40.0,0.0
台北縣,1,399,0,POINT (121.4865 24.9521),399.0,0.0
向陽路,1,30,0,POINT (121.594769 25.05364),30.0,0.0
公園一,1,106,0,POINT (121.4554 25.0514),106.0,0.0
員潭路,1,225,0,POINT (121.646291 25.202226),225.0,0.0
八連溪,1,45,0,POINT (121.513105 25.237065),45.0,0.0
八斗街,1,41,0,POINT (121.7967 25.1432),41.0,0.0
八德路,1,14,0,POINT (121.7279 25.1129),14.0,0.0
國中路,1,1144,0,POINT (121.712825 24.938007),1144.0,0.0
土庫里,1,100,0,POINT (121.6346 25.01),100.0,0.0
坪林1,2,364,0,POINT (121.711784 24.93614),364.0,0.0
光榮路,1,1106,0,POINT (121.4639 25.0893),1106.0,0.0
埤島里,1,261,0,POINT (121.4449 25.197),261.0,0.0
八分寮,1,963,0,POINT (121.6426 25.0127),963.0,0.0
士商路,1,171,0,POINT (121.5029 25.0898),171.0,0.0
外平林,1,79,0,POINT (121.849136 25.035598),79.0,0.0
外柑腳,1,72,0,POINT (121.807814 25.018517),72.0,0.0
大坑8,1,319,0,POINT (121.529765 25.258894),319.0,0.0
大學路,1,855,0,POINT (121.377883 24.940679),855.0,0.0
大成街,1,46,0,POINT (121.6899 25.1099),46.0,0.0
大湖1,1,71,0,POINT (121.7813 25.0256),71.0,0.0
大粗坑,1,10,0,POINT (121.725304 24.951077),10.0,0.0
大義街,1,446,0,POINT (121.443054 25.178396),446.0,0.0
內平林,1,1309,0,POINT (121.832 25.029),1309.0,0.0
大舌湖,1,62,0,POINT (121.746242 24.959584),62.0,0.0
大龍街,1,300,0,POINT (121.5179 25.0759),300.0,0.0
忠治1,1,30,0,POINT (121.548453 24.883684),30.0,0.0
忠誠路,1,150,0,POINT (121.5029 25.0898),150.0,0.0
思源路,1,2352,0,POINT (121.4564 25.037),2352.0,0.0
化成路,1,610,0,POINT (121.4566 25.0456),610.0,0.0
仁五路,1,20,0,POINT (121.7411 25.1271),20.0,0.0
東興街,1,430,0,POINT (121.9487 25.0171),430.0,0.0
松勤路,1,200,0,POINT (121.5733 25.0356),200.0,0.0
松山區,11,1630,0,POINT (121.5611 25.0487),1630.0,0.0
仁二路,3,307,0,POINT (121.7459 25.1261),307.0,0.0
林口路,1,1009,0,POINT (121.3899 25.0808),1009.0,0.0
五華街,1,0,1,POINT (121.490369 25.085115),0.0,0.0
五工二,1,599,0,POINT (121.4556 25.0564),599.0,0.0
楓子林,1,200,0,POINT (121.6423 25.0101),200.0,0.0
五寮9,1,137,0,POINT (121.365455 24.863449),137.0,0.0
樟樹一,1,1292,0,POINT (121.641767 25.066498),1292.0,0.0
樟樹二,1,2481,0,POINT (121.639893 25.06594),2481.0,0.0
樹林口,1,30,0,POINT (121.476943 25.168467),30.0,0.0
樹梅嶺,1,10,0,POINT (121.696956 24.955382),10.0,0.0
正信路,1,160,0,POINT (121.7605 25.1321),160.0,0.0
東新街,4,8954,0,POINT (121.5896 25.0455),8954.0,0.0
武昌街,1,40,0,POINT (121.7642 25.1485),40.0,0.0
中萬里,1,225,0,POINT (121.691926 25.177832),225.0,0.0
民權東,1,170,0,POINT (121.586898 25.069324),170.0,0.0
民權街,1,96,0,POINT (121.618882 25.047641),96.0,0.0
民治路,1,1736,0,POINT (121.3769 25.0769),1736.0,0.0
民生街,1,20,0,POINT (121.4728 25.0785),20.0,0.0
永安北,1,87,0,POINT (121.481944 25.081635),87.0,0.0
中船路,2,310,0,POINT (121.7511 25.1357),310.0,0.0
永春一,1,203,0,POINT (121.603216 25.112499),203.0,0.0
中湖街,2,584,0,POINT (121.3481 24.973),584.0,0.0
永豐路,1,80,0,POINT (121.467199 24.980803),80.0,0.0
汐平路,1,118,0,POINT (121.699553 25.059723),118.0,0.0
中港一,1,695,0,POINT (121.4138 25.0242),695.0,0.0
泰和街,1,42,0,POINT (121.7114 25.0864),42.0,0.0
東明路,2,39,0,POINT (121.7617 25.1262),39.0,0.0
東峰街,1,57,0,POINT (121.7767 25.1305),57.0,0.0
愛一路,1,53,0,POINT (121.7408 25.1282),53.0,0.0
佳園路,1,484,0,POINT (121.392558 24.971116),484.0,0.0
愛五路,1,30,0,POINT (121.745 25.1274),30.0,0.0
愛四路,1,30,0,POINT (121.7438 25.1271),30.0,0.0
成功一,1,85,0,POINT (121.7362 25.1283),85.0,0.0
成功二,1,20,0,POINT (121.7373 25.1295),20.0,0.0
信二路,4,1089,0,POINT (121.7569 25.1293),1089.0,0.0
成福路,1,187,0,POINT (121.4275 24.9243),187.0,0.0
保安街,1,822,0,POINT (121.415438 25.002028),822.0,0.0
擺接堡,1,975,0,POINT (121.439585 24.982977),975.0,0.0
政光路,1,320,0,POINT (121.8517 25.0627),320.0,0.0
文化一,2,1506,0,POINT (121.3703 25.0681),1506.0,0.0
文化北,1,1383,0,POINT (121.365938 25.078446),1383.0,0.0
文聖街,1,1023,0,POINT (121.4772 25.0295),1023.0,0.0
新北大,1,297,0,POINT (121.4257 25.0175),297.0,0.0
新安路,1,45,0,POINT (121.553582 25.124093),45.0,0.0
新泰路,1,743,0,POINT (121.4594 25.0551),743.0,0.0
木屐寮,1,24,0,POINT (121.5295 25.221698),24.0,0.0
新生北,1,60,0,POINT (121.5258 25.062),60.0,0.0
佛堂巷,1,53,0,POINT (121.841768 25.106736),53.0,0.0
新興街,1,663,0,POINT (121.44 25.1797),663.0,0.0
昌平街,1,635,0,POINT (121.4238 25.0243),635.0,0.0
昌明街,1,120,0,POINT (121.4576 25.0522),120.0,0.0
昌隆街,1,509,0,POINT (121.448 25.0563),509.0,0.0
明峰街,1,600,0,POINT (121.627046 25.068806),600.0,0.0
明德一,1,150,0,POINT (121.7136 25.0978),150.0,0.0
明志路,4,204,0,POINT (121.4266 25.0394),204.0,0.0
明燈路,1,580,0,POINT (121.809092 25.107577),580.0,0.0
明里路,1,82,0,POINT (121.868114 25.120447),82.0,0.0
更洲路,1,65,0,POINT (121.4573 25.0794),65.0,0.0
月眉路,1,500,0,POINT (121.631809 25.213216),500.0,0.0
有木里,1,109,0,POINT (121.4373 24.8533),109.0,0.0
13鄰,1,50,0,POINT (121.548453 24.883684),50.0,0.0
